"unigram","n"
"mention",731
"drunk",532
"beer",409
"url",376
"risada",309
"wine",270
"get",179
"just",166
"bar",165
"drinking",164
"amp",138
"like",129
"media",122
"party",120
"night",108
"alcohol",99
"drink",95
"pub",88
"good",86
"bottle",83
"can",80
"time",78
"tonight",76
"day",69
"getting",69
"now",68
"got",63
"need",63
"one",61
"last",60
"want",57
"go",56
"tequila",54
"love",53
"people",51
"shot",51
"vodka",50
"still",48
"w",48
"whiskey",48
"liquor",47
"think",45
"ny",44
"right",44
"shit",44
"going",42
"take",42
"better",40
"brew",40
"come",40
"really",40
"2",39
"fuck",39
"mom",39
"much",39
"know",38
"rochester",38
"wanna",38
"life",37
"great",36
"house",36
"best",34
"work",34
"hangover",33
"ever",32
"fucked",32
"u",32
"bottles",31
"food",31
"home",31
"im",30
"weekend",30
"back",29
"girl",29
"make",29
"summer",29
"wasted",29
"friends",28
"gonna",28
"today",28
"first",27
"glass",27
"will",27
"ale",26
"ass",26
"feel",26
"happy",26
"never",26
"real",26
"tour",26
"us",26
"way",26
"booze",25
"even",25
"light",25
"alcoholic",24
"always",24
"cold",24
"someone",24
"tasting",24
"3",23
"thing",23
"world",23
"dad",22
"drinks",22
"irish",22
"turn",22
"birthday",21
"friend",21
"fucking",21
"hammered",21
"see",21
"1",20
"bad",20
"dinner",20
"everyone",20
"guy",20
"ipa",20
"others",20
"well",20
"bitch",19
"buy",19
"champagne",19
"guys",19
"old",19
"said",19
"since",19
"tomorrow",19
"wait",19
"college",18
"every",18
"game",18
"yet",18
"4",17
"bed",17
"bud",17
"days",17
"grill",17
"high",17
"made",17
"morning",17
"new",17
"nice",17
"oh",17
"remember",17
"week",17
"went",17
"6",16
"big",16
"club",16
"eat",16
"fun",16
"girls",16
"lake",16
"put",16
"red",16
"rum",16
"year",16
"gt",15
"little",15
"money",15
"perfect",15
"play",15
"ready",15
"tell",15
"two",15
"watch",15
"watching",15
"weed",15
"brewing",14
"crawl",14
"gets",14
"gotta",14
"guess",14
"ice",14
"nothing",14
"pong",14
"start",14
"together",14
"wish",14
"yeah",14
"8",13
"anyone",13
"bought",13
"country",13
"done",13
"drank",13
"enough",13
"everything",13
"hell",13
"hit",13
"hot",13
"long",13
"look",13
"lt",13
"man",13
"n",13
"o",13
"probably",13
"shots",13
"sip",13
"sleep",13
"sober",13
"store",13
"syracuse",13
"tipsy",13
"wants",13
"water",13
"30",12
"already",12
"around",12
"beverage",12
"call",12
"ciroc",12
"company",12
"damn",12
"de",12
"lager",12
"lot",12
"may",12
"pretty",12
"says",12
"senior",12
"sit",12
"something",12
"stop",12
"taste",12
"thanks",12
"told",12
"trying",12
"whole",12
"actually",11
"ain't",11
"bus",11
"cinco",11
"genesee",11
"goes",11
"hope",11
"hour",11
"makes",11
"might",11
"next",11
"pizza",11
"restaurant",11
"say",11
"scotch",11
"sure",11
"text",11
"things",11
"white",11
"yes",11
"yo",11
"12",10
"alone",10
"baby",10
"bring",10
"car",10
"cause",10
"chocolate",10
"end",10
"god",10
"hours",10
"kiss",10
"left",10
"literally",10
"mind",10
"moment",10
"music",10
"parents",10
"sitting",10
"smoke",10
"sunday",10
"though",10
"thought",10
"throw",10
"working",10
"5",9
"7",9
"afternoon",9
"another",9
"anything",9
"bbq",9
"beers",9
"body",9
"bout",9
"boys",9
"called",9
"coming",9
"definitely",9
"driving",9
"eating",9
"else",9
"favorite",9
"friday",9
"fuckin",9
"funny",9
"half",9
"hand",9
"help",9
"henny",9
"holy",9
"idea",9
"inn",9
"later",9
"let",9
"movie",9
"nigga",9
"ocallaghanpub",9
"open",9
"peach",9
"place",9
"playing",9
"please",9
"room",9
"s",9
"sounds",9
"talk",9
"talking",9
"tap",9
"thats",9
"ur",9
"wrong",9
"ya",9
"yesterday",9
"100",8
"2014",8
"21",8
"9",8
"almost",8
"also",8
"bc",8
"black",8
"came",8
"celebrate",8
"class",8
"cocktail",8
"comes",8
"cool",8
"crazy",8
"dogs",8
"drinkin",8
"early",8
"evening",8
"eye",8
"final",8
"finally",8
"found",8
"free",8
"gettin",8
"give",8
"happened",8
"hate",8
"id",8
"instead",8
"johnny's",8
"keep",8
"mayo",8
"meet",8
"men",8
"miss",8
"needs",8
"o'callaghan's",8
"outside",8
"park",8
"person",8
"pour",8
"prom",8
"run",8
"saturday",8
"school",8
"seneca",8
"smells",8
"sorry",8
"spend",8
"straight",8
"took",8
"walk",8
"zoo",8
"10",7
"af",7
"authentic",7
"awesome",7
"belgian",7
"binge",7
"blame",7
"book",7
"bunch",7
"cuz",7
"face",7
"family",7
"feeling",7
"feels",7
"fireball",7
"floor",7
"full",7
"gave",7
"geneseebrewery",7
"gin",7
"golf",7
"gone",7
"graduation",7
"hard",7
"join",7
"juice",7
"leave",7
"lets",7
"listening",7
"mad",7
"mine",7
"nobody",7
"piss",7
"pool",7
"pop",7
"porch",7
"rather",7
"route",7
"shower",7
"song",7
"sports",7
"super",7
"texts",7
"tweet",7
"waiting",7
"wow",7
"york",7
"20",6
"78",6
"ask",6
"b",6
"beat",6
"beautiful",6
"bistro",6
"bitches",6
"cafe",6
"care",6
"cellars",6
"co",6
"coleman's",6
"couch",6
"crying",6
"cup",6
"deck",6
"drive",6
"dude",6
"empire",6
"enjoy",6
"enjoying",6
"entire",6
"faced",6
"finals",6
"fine",6
"fire",6
"forget",6
"front",6
"happen",6
"hill",6
"hub",6
"jack",6
"joe",6
"kids",6
"kind",6
"kinda",6
"least",6
"lonely",6
"many",6
"maybe",6
"mean",6
"means",6
"nah",6
"niggas",6
"omg",6
"phone",6
"pictures",6
"random",6
"rt",6
"session",6
"show",6
"soon",6
"spanish",6
"spilled",6
"stupid",6
"thank",6
"times",6
"tryna",6
"type",6
"understand",6
"use",6
"used",6
"wegmans",6
"weird",6
"woke",6
"women",6
"years",6
"yup",6
"0",5
"11",5
"acme",5
"act",5
"agree",5
"aint",5
"amazing",5
"angry",5
"beach",5
"bear",5
"bee",5
"biggest",5
"blue",5
"boat",5
"boy",5
"boyfriend",5
"brother",5
"bruh",5
"buddy's",5
"bull",5
"california",5
"cat",5
"celebrating",5
"cheese",5
"city",5
"couple",5
"date",5
"deserve",5
"dining",5
"double",5
"dragon",5
"drugs",5
"dudes",5
"eddies",5
"either",5
"everytime",5
"except",5
"extremely",5
"fall",5
"fast",5
"fav",5
"festival",5
"find",5
"finish",5
"fix",5
"flights",5
"garden",5
"gay",5
"grab",5
"greatest",5
"handle",5
"head",5
"honestly",5
"hop",5
"hopping",5
"horse",5
"lime",5
"line",5
"listen",5
"live",5
"lots",5
"loved",5
"mazz",5
"middle",5
"mix",5
"monday",5
"normal",5
"ok",5
"outta",5
"pale",5
"passed",5
"patio",5
"pick",5
"played",5
"point",5
"question",5
"r",5
"rn",5
"rose",5
"saison",5
"saying",5
"semester",5
"seriously",5
"singing",5
"sipping",5
"sister",5
"soo",5
"special",5
"started",5
"stopped",5
"street",5
"summertime",5
"sun",5
"sweet",5
"tastes",5
"tavern",5
"texted",5
"texting",5
"thirsty",5
"three",5
"till",5
"town",5
"try",5
"turnt",5
"twitter",5
"victoire",5
"wake",5
"wanted",5
"wear",5
"whatever",5
"whisky",5
"winery",5
"works",5
"worst",5
"zach",5
"21st",4
"6s",4
"able",4
"adams",4
"alex",4
"alright",4
"american",4
"anymore",4
"asked",4
"asleep",4
"aww",4
"backyard",4
"ball",4
"bartender",4
"bday",4
"beyond",4
"blackout",4
"blood",4
"blu",4
"blunts",4
"box",4
"break",4
"breakfast",4
"budweiser",4
"burgers",4
"calm",4
"canandaigua",4
"cayuga",4
"cbcraftbrewers",4
"center",4
"cheers",4
"chill",4
"chillin",4
"course",4
"cream",4
"crew",4
"crown",4
"cute",4
"da",4
"dance",4
"dark",4
"dead",4
"dropped",4
"easier",4
"empty",4
"event",4
"everybody",4
"excuse",4
"falls",4
"far",4
"fight",4
"fighting",4
"finger",4
"follow",4
"four",4
"fries",4
"frozen",4
"fruit",4
"genny",4
"georgia",4
"glasses",4
"glenora",4
"goal",4
"hang",4
"hanging",4
"haus",4
"heart",4
"hive",4
"hold",4
"hungover",4
"jar",4
"jerkwater",4
"joke",4
"judge",4
"juss",4
"jyolevich",4
"kick",4
"kicked",4
"kill",4
"knows",4
"la",4
"lady",4
"lakes",4
"late",4
"lean",4
"level",4
"lil",4
"lilac",4
"looking",4
"lost",4
"lounge",4
"lunch",4
"making",4
"met",4
"midnight",4
"miller",4
"mixed",4
"moms",4
"mouth",4
"move",4
"mug",4
"must",4
"needed",4
"okay",4
"opened",4
"pants",4
"pass",4
"photo",4
"picked",4
"pint",4
"plane",4
"porn",4
"posted",4
"poured",4
"pouring",4
"ppl",4
"preferably",4
"problems",4
"public",4
"putting",4
"quick",4
"road",4
"samuel",4
"saw",4
"second",4
"seeing",4
"seen",4
"sex",4
"shopping",4
"sick",4
"side",4
"small",4
"smile",4
"smooth",4
"snap",4
"solid",4
"somewhere",4
"splash",4
"stay",4
"story",4
"strawberry",4
"supposed",4
"swing",4
"taking",4
"tent",4
"test",4
"thelavaclub",4
"thinking",4
"thursday",4
"toast",4
"tonight's",4
"tuesday",4
"turned",4
"tweeting",4
"uncle",4
"visit",4
"walks",4
"wall",4
"weather",4
"wedding",4
"wednesday",4
"weeks",4
"whose",4
"wings",4
"without",4
"won",4
"wonder",4
"worth",4
"y'all",4
"yard",4
"yea",4
"yoo",4
"yum",4
"120",3
"140",3
"2013",3
"31",3
"40",3
"90",3
"abandon",3
"adult",3
"age",3
"ages",3
"al",3
"amber",3
"america",3
"amount",3
"anytime",3
"anyways",3
"apartment",3
"arms",3
"art",3
"asf",3
"asking",3
"babe",3
"bacon",3
"bag",3
"basically",3
"behind",3
"believe",3
"bet",3
"blind",3
"bottom",3
"bouta",3
"breaking",3
"brewery",3
"brought",3
"btw",3
"bucks",3
"bullandbearpub",3
"busy",3
"buying",3
"buys",3
"buzzed",3
"cabinet",3
"cake",3
"calling",3
"calls",3
"camping",3
"case",3
"chair",3
"chicken",3
"chilling",3
"cigar",3
"clock",3
"clothes",3
"control",3
"cooking",3
"cooler",3
"coors",3
"cops",3
"corona",3
"count",3
"cranberry",3
"d",3
"daily",3
"dave",3
"deep",3
"delicious",3
"depressed",3
"dick",3
"die",3
"different",3
"discount",3
"discovered",3
"diydrinkx",3
"dog",3
"dont",3
"dope",3
"drown",3
"edge",3
"experience",3
"explain",3
"extra",3
"fact",3
"faded",3
"fake",3
"fancy",3
"fans",3
"fish",3
"flip",3
"flowers",3
"forgot",3
"freshman",3
"fried",3
"funniest",3
"ginger",3
"gold",3
"grandma",3
"green",3
"gym",3
"hair",3
"happens",3
"hates",3
"hey",3
"hi",3
"ho",3
"homies",3
"hoppy",3
"hug",3
"hungry",3
"ill",3
"ima",3
"imagine",3
"imma",3
"ithaca",3
"jacksabby",3
"jake",3
"jk",3
"job",3
"joint",3
"jug",3
"kã¶lsch",3
"karaoke",3
"knew",3
"knowing",3
"kyle",3
"landing",3
"lastnight",3
"leaving",3
"lemonade",3
"longer",3
"lovee",3
"loves",3
"luck",3
"ma",3
"mall",3
"mallet",3
"marathon",3
"margarita",3
"married",3
"mason",3
"mee",3
"memorial",3
"memories",3
"milk",3
"minute",3
"minutes",3
"missed",3
"monster",3
"moscato",3
"movies",3
"mr",3
"multiple",3
"nap",3
"nhl",3
"nightclub",3
"nights",3
"noon",3
"note",3
"number",3
"official",3
"oo",3
"opening",3
"order",3
"pack",3
"paid",3
"partying",3
"past",3
"pic",3
"pics",3
"plan",3
"playin",3
"playoffs",3
"poppin",3
"popping",3
"porter",3
"problem",3
"proof",3
"pussy",3
"radio",3
"rap",3
"ratchet",3
"reason",3
"rebel",3
"relaxing",3
"respect",3
"ride",3
"river",3
"rock",3
"rogers",3
"round",3
"running",3
"safe",3
"season",3
"self",3
"selfies",3
"seniors",3
"set",3
"shandy",3
"share",3
"shift",3
"shirt",3
"shits",3
"single",3
"slushie",3
"smell",3
"soccer",3
"social",3
"soda",3
"somebody",3
"spent",3
"splitrock",3
"spot",3
"star",3
"starts",3
"stole",3
"stuff",3
"sucks",3
"sum",3
"sunshine",3
"swear",3
"syrup",3
"tab",3
"taken",3
"takes",3
"tasty",3
"tho",3
"thoughts",3
"throat",3
"thrones",3
"throwing",3
"thrown",3
"til",3
"tilt",3
"tmrw",3
"today's",3
"trail",3
"trashed",3
"trata",3
"trip",3
"true",3
"tub",3
"turns",3
"ugly",3
"underwear",3
"using",3
"vineyards",3
"waking",3
"walsh",3
"wearing",3
"wheat",3
"whenever",3
"win",3
"window",3
"wines",3
"wit",3
"word",3
"words",3
"write",3
"wtf",3
"x",3
"young",3
"youre",3
"15",2
"18",2
"1st",2
"212",2
"2nd",2
"2nite",2
"300",2
"315",2
"3am",2
"48",2
"4pm",2
"50",2
"abbey",2
"abby",2
"abuse",2
"accurate",2
"across",2
"acting",2
"action",2
"admit",2
"adulthood",2
"aged",2
"ago",2
"alfa",2
"alfasyracuse",2
"amore",2
"anna",2
"annoying",2
"anybody",2
"apologies",2
"apple",2
"appropriate",2
"arena",2
"available",2
"away",2
"b's",2
"babysitting",2
"bacardi",2
"bachelor",2
"badda",2
"bae",2
"band",2
"bandwagon",2
"bandwagonbeer",2
"barley",2
"batavia",2
"bathroom",2
"bayside",2
"becoming",2
"beehive",2
"begin",2
"belly",2
"berliner",2
"beverages",2
"biã¨re",2
"bianca",2
"bianca_pitonzo",2
"bikes",2
"bill",2
"birdland",2
"birth",2
"bit",2
"bites",2
"blast",2
"blew",2
"blowjob",2
"blueberry",2
"blunt",2
"boo",2
"boring",2
"boutta",2
"bread",2
"breaks",2
"breath",2
"brings",2
"brockport",2
"broken",2
"brothers",2
"buckets",2
"bug",2
"build",2
"bump",2
"burning",2
"busch",2
"buzz",2
"caffeine",2
"campus",2
"cane",2
"cant",2
"careful",2
"carrissa",2
"casa",2
"cats",2
"celebration",2
"change",2
"changed",2
"changes",2
"chase",2
"chasin",2
"chateau",2
"chatting",2
"chiefs",2
"children",2
"china",2
"chips",2
"chokin",2
"chris",2
"chug",2
"church",2
"cigarettes",2
"classic",2
"coast",2
"coffee",2
"combo",2
"compass",2
"completed",2
"completely",2
"confident",2
"considered",2
"consume",2
"consumption",2
"content",2
"continue",2
"convinced",2
"cookout",2
"coolers",2
"cop",2
"cornell",2
"corner",2
"corning",2
"could've",2
"cousin",2
"crans",2
"crave",2
"crib",2
"crime",2
"crowd",2
"crush",2
"cuddling",2
"culinary",2
"currently",2
"cuse",2
"custard",2
"cut",2
"dads",2
"damnn",2
"dancing",2
"daniel's",2
"danielle",2
"daughter",2
"dd",2
"dear",2
"death",2
"decent",2
"decided",2
"degree",2
"den",2
"dew",2
"diceedagod",2
"didnt",2
"died",2
"dinosaur",2
"dip",2
"dirty",2
"disappear",2
"district",2
"dj",2
"doc",2
"doe",2
"donde",2
"donnelly's",2
"donnellysph",2
"door",2
"dos",2
"dove",2
"downtown",2
"draught",2
"dress",2
"drinker",2
"drug",2
"dumb",2
"dump",2
"dying",2
"e",2
"ear",2
"east",2
"eddie",2
"egg",2
"eggs",2
"eight",2
"em",2
"emmalie",2
"emporium",2
"ended",2
"ending",2
"endless",2
"energy",2
"equis",2
"erie",2
"especially",2
"everyone's",2
"ex",2
"excited",2
"expensive",2
"eyes",2
"f",2
"facetime",2
"fag",2
"fail",2
"fairy",2
"fam",2
"father",2
"feelin",2
"fest",2
"festivities",2
"figure",2
"filled",2
"finest",2
"finished",2
"fitting",2
"flat",2
"flower",2
"folks",2
"fortune",2
"forward",2
"fourth",2
"freezer",2
"fridge",2
"friendship",2
"fudge",2
"funday",2
"gas",2
"geneseo",2
"gf",2
"gift",2
"gives",2
"giving",2
"goat",2
"godzilla",2
"goo",2
"goodness",2
"goodnight",2
"graduate",2
"grille",2
"grow",2
"grown",2
"guatemala",2
"gucci",2
"guide",2
"gun",2
"gunna",2
"gusta",2
"hall",2
"hardcore",2
"harvest",2
"hat",2
"heading",2
"heads",2
"hearing",2
"heat",2
"heaven",2
"heavy",2
"hide",2
"history",2
"hits",2
"hmu",2
"hockey",2
"hoes",2
"holder",2
"holiday",2
"honey",2
"hopefully",2
"hound",2
"however",2
"hrs",2
"iced",2
"ided",2
"idk",2
"imperial",2
"important",2
"india",2
"interesting",2
"itâ€™s",2
"itt",2
"ive",2
"jã¤ger",2
"jazz",2
"jealous",2
"jenga",2
"jenn's",2
"jerry",2
"jersey",2
"jesus",2
"jim",2
"johnny",2
"jolly",2
"jryanspub1",2
"july",2
"june",2
"jungle",2
"junk",2
"k",2
"karate",2
"kelly's",2
"kendall",2
"key",2
"kid",2
"king",2
"kitchen",2
"kitty",2
"knocked",2
"kombucha",2
"ladies",2
"ladylike",2
"lap",2
"large",2
"laughing",2
"laying",2
"learn",2
"learned",2
"leffe",2
"legal",2
"lemon",2
"less",2
"library",2
"license",2
"lights",2
"limes",2
"liquer",2
"liquors",2
"lit",2
"lite",2
"living",2
"location",2
"looks",2
"loose",2
"loser",2
"lovely",2
"lucky",2
"mac's",2
"magpie",2
"makeup",2
"manziel",2
"mari",2
"marketview",2
"martini",2
"matter",2
"max",2
"maxs",2
"meals",2
"meant",2
"meeting",2
"memory",2
"mention's",2
"menu",2
"mess",2
"messages",2
"meter",2
"mexico",2
"mfs",2
"mi",2
"michael",2
"min",2
"mini",2
"mint",2
"missing",2
"month",2
"months",2
"montreal",2
"moon",2
"moonshadow",2
"mother",2
"mountain",2
"ms",2
"mutt",2
"naked",2
"name",2
"nasty",2
"neighbors",2
"nom",2
"nomore",2
"noo",2
"nope",2
"nosh",2
"nowhere",2
"nywineculinary",2
"o'clock",2
"o'lacy's",2
"oarsman",2
"offer",2
"officially",2
"ohh",2
"olã©",2
"olympics",2
"oomf",2
"orange",2
"otb",2
"owl",2
"p",2
"pã¢le",2
"packed",2
"paddy's",2
"parties",2
"partners",2
"pay",2
"pbr",2
"peaceful",2
"peeing",2
"percent",2
"perf",2
"pete",2
"picking",2
"picture",2
"pier",2
"pittsford",2
"plastered",2
"players",2
"plays",2
"pm",2
"poems",2
"poison",2
"popped",2
"pops",2
"positive",2
"post",2
"power",2
"practice",2
"productive",2
"profile",2
"proper",2
"protect",2
"puppy",2
"que",2
"queen",2
"quickly",2
"quite",2
"rally",2
"ramble",2
"rampaige133",2
"ranch",2
"rangers",2
"re",2
"realize",2
"realized",2
"realizing",2
"recent",2
"reception",2
"redemption",2
"rednecks",2
"relationship",2
"reminds",2
"repeatedly",2
"rest",2
"rick",2
"riding",2
"rights",2
"risk",2
"robin",2
"roc",2
"roll",2
"rolled",2
"rolling",2
"roof",2
"rubino's",2
"ruin",2
"rule",2
"salt",2
"sam",2
"sangria",2
"saturdays",2
"scene",2
"schedule",2
"scotty",2
"seconds",2
"security",2
"sees",2
"send",2
"sense",2
"sent",2
"shes",2
"shiit",2
"shirts",2
"shitfaced",2
"shitty",2
"shoes",2
"shooting",2
"shows",2
"shut",2
"sign",2
"simple",2
"sir",2
"sittin",2
"six",2
"sjp",2
"slap",2
"slept",2
"slightly",2
"slope",2
"slushies",2
"smack",2
"smh",2
"smoked",2
"snacks",2
"snapchat",2
"snaps",2
"snob",2
"society",2
"solera",2
"somehow",2
"son",2
"sound",2
"spac",2
"spending",2
"spicy",2
"spilling",2
"sport",2
"stadium",2
"staff",2
"stars",2
"starting",2
"stories",2
"stout",2
"straws",2
"stress",2
"strip",2
"struggle",2
"studio",2
"studying",2
"style",2
"sub",2
"success",2
"suck",2
"sums",2
"sunglasses",2
"sunset",2
"sunsets",2
"sushi",2
"sweat",2
"swedish",2
"switch",2
"tables",2
"taco",2
"talked",2
"talkin",2
"tall",2
"taproom",2
"tasted",2
"tattoos",2
"tbt",2
"tea",2
"team",2
"teams",2
"teeth",2
"telling",2
"tells",2
"temptation",2
"term",2
"theatre",2
"third",2
"thirty",2
"thou",2
"thru",2
"tickets",2
"tiki",2
"tip",2
"tipped",2
"tire",2
"tn",2
"tons",2
"tops",2
"toronto",2
"touch",2
"tough",2
"towel",2
"tradition",2
"traditional",2
"train",2
"tried",2
"triple",2
"truly",2
"trust",2
"truu",2
"tuscany",2
"ugh",2
"uk",2
"underroos",2
"unless",2
"upset",2
"upstairs",2
"usually",2
"uv",2
"vacation",2
"victoirebelgian",2
"village",2
"visiting",2
"walking",2
"walls",2
"wash",2
"watkins",2
"ways",2
"welcome",2
"whispers",2
"whoever",2
"wild",2
"winter",2
"wolf",2
"wonderful",2
"wonders",2
"wood",2
"woody's",2
"woodys",2
"worked",2
"worry",2
"worse",2
"would've",2
"writing",2
"wwe",2
"wyoming",2
"y",2
"yaass",2
"yal",2
"yall",2
"yassielle1",2
"yelling",2
"youâ€™re",2
"yummy",2
"zack",2
"_antoinese",1
"_jassminerenee",1
"_nvshely",1
"_papiichulo_",1
"_rockyd",1
"_sweetest_heart",1
"0ff",1
"100ibu",1
"1020",1
"1030",1
"1046",1
"105",1
"112",1
"13",1
"14",1
"14s",1
"15am",1
"16",1
"17",1
"19",1
"1920",1
"1989",1
"1v1",1
"2.0",1
"2.50",1
"2008",1
"2011",1
"208",1
"22",1
"23",1
"24",1
"24ozers",1
"29",1
"2am",1
"3.75",1
"302",1
"34",1
"35",1
"3948824",1
"3headsbrewing",1
"3nurse",1
"3rd",1
"3s",1
"400",1
"40ozsean",1
"420",1
"46",1
"47pm",1
"4am",1
"4evez",1
"4get",1
"4th",1
"5.8",1
"5.9",1
"50k",1
"56",1
"58",1
"607",1
"71",1
"76",1
"7pm",1
"85",1
"9.9",1
"919prince",1
"943",1
"99",1
"9am",1
"9minute",1
"a.k.a",1
"a_alvarado7",1
"aaand",1
"aayo",1
"abbaye",1
"abbyscott",1
"abilene",1
"aboard",1
"abv",1
"accent",1
"accept",1
"accidentally",1
"accidently",1
"accompanied",1
"account",1
"acknowledge",1
"add",1
"adedoyinsola",1
"adriana",1
"advantage",1
"adventures",1
"advice",1
"advil",1
"aff",1
"aggravated",1
"agreed",1
"airport",1
"al's",1
"alai",1
"alb",1
"alchemy",1
"alcohol's",1
"alcoholics",1
"alcoholism",1
"alehouse",1
"alexis",1
"algae",1
"aliah",1
"alicat",1
"alike",1
"alive",1
"alleged",1
"allegedly",1
"allergies",1
"alley",1
"allocated",1
"allowed",1
"ally",1
"along",1
"alt",1
"altbier",1
"alto",1
"alumni",1
"alyssa",1
"alyssa_button",1
"amanda",1
"amateur",1
"amazes",1
"americana",1
"amongst",1
"amounts",1
"amtrak",1
"anal",1
"andy",1
"angel",1
"angelic",1
"angriest",1
"animals",1
"annoyed",1
"answering",1
"answers",1
"antibiotics",1
"anyway",1
"anywayss",1
"apariso22",1
"apartments",1
"apologize",1
"apologized",1
"app",1
"apparently",1
"appeared",1
"appetizers",1
"apply",1
"appreciate",1
"appreciated",1
"approved",1
"aprihop",1
"argos",1
"argue",1
"argued",1
"arnold",1
"arrives",1
"artichoke",1
"article",1
"asabb",1
"asap",1
"ashamed",1
"ashleys",1
"aspire",1
"asses",1
"asshole",1
"assholes",1
"assume",1
"atcha",1
"ate",1
"atlantic",1
"attack",1
"attend",1
"attitude",1
"atv",1
"atwater",1
"aunt",1
"aunts",1
"authors",1
"ave",1
"average",1
"avoided",1
"aw",1
"awkward",1
"awkwardly",1
"ayee",1
"ayeshajpatel",1
"babes",1
"babygirl",1
"baccer",1
"backlog",1
"backseat",1
"badartbar",1
"badasses",1
"bae's",1
"bagel",1
"bags",1
"bahaha",1
"baja",1
"ballast",1
"balls",1
"ban",1
"banana",1
"banger",1
"bank",1
"barao",1
"barbaric",1
"barbie",1
"barely",1
"bark",1
"barking",1
"barleywine",1
"barn",1
"barrel",1
"barton",1
"base",1
"baseball",1
"bash",1
"basic",1
"basketball",1
"bastard",1
"baswa",1
"bathtub",1
"battlefield",1
"battling",1
"beachside",1
"beacon",1
"beak",1
"beam",1
"bean",1
"beans",1
"beard",1
"beasties",1
"beating",1
"beats",1
"beauvine",1
"beauvine1",1
"beca",1
"beccacast",1
"beckham",1
"become",1
"becomes",1
"becschu",1
"bedd",1
"beef",1
"beehivebrewpub",1
"beeped",1
"beerpong",1
"beginning",1
"bellangelo",1
"bells",1
"bellsbrewery",1
"beluga",1
"ben",1
"bend",1
"bendy",1
"bent",1
"bentley",1
"berger",1
"berry",1
"bestfriend",1
"bestie",1
"besties",1
"bethlovelittelc",1
"betty",1
"beyonce",1
"bff",1
"bfs",1
"biddie",1
"bigfoot",1
"bigger",1
"biker",1
"bills",1
"billyb313",1
"bing",1
"bitburgh",1
"bitchess",1
"bittersweet",1
"biz",1
"blabbering",1
"blackberry",1
"blacked",1
"blacking",1
"blackwatch",1
"blanc",1
"blanket",1
"blass",1
"blatantly",1
"blended",1
"blender",1
"blessing",1
"bling",1
"blonde",1
"bloom",1
"blowin",1
"blues",1
"bmayzee",1
"bmorgan309",1
"bmuscianese",1
"boats",1
"bob",1
"bois",1
"bom",1
"bonfire",1
"bonfires",1
"bonzo",1
"boobs",1
"bookbag",1
"bookend",1
"books",1
"boom",1
"boondocks",1
"boop",1
"boot",1
"boots",1
"booty",1
"boozer",1
"boozy",1
"bored",1
"born",1
"boschloan",1
"bosses",1
"boston",1
"bottles:check",1
"bough",1
"bound",1
"bourbon",1
"bowl",1
"bowling",1
"bowsers",1
"boxer",1
"boycott",1
"boyfriend's",1
"boyle",1
"bra",1
"brain",1
"brainery",1
"brand",1
"brandy",1
"braun",1
"brave",1
"brb",1
"bre",1
"breast",1
"breathing",1
"bree",1
"breeze",1
"bress_nekkron",1
"brewed",1
"brewpub",1
"brews",1
"brickwoodgrill",1
"bridgewater",1
"brisket",1
"bro",1
"broad",1
"brobible",1
"broke",1
"brooke",1
"brooklyn",1
"brooklynbrewery",1
"bros",1
"broski",1
"brotip",1
"brown",1
"bruins",1
"brunswick",1
"brylea",1
"bubble",1
"bublã©",1
"bucket",1
"buckler",1
"buff",1
"buffalo",1
"buffet",1
"bullpen",1
"bullshit",1
"bunga",1
"bunk",1
"burger",1
"burned",1
"bushmills",1
"busiest",1
"business",1
"bust",1
"busted",1
"buster's",1
"butni",1
"butterbeer",1
"buzzing",1
"bye",1
"c",1
"cabana",1
"caesar",1
"caffeinated",1
"caitlin__waite",1
"calc",1
"cali",1
"californication",1
"camel",1
"camera",1
"camillus",1
"camo",1
"camp",1
"campaign",1
"campfire",1
"canâ€™t",1
"canada",1
"candace0523",1
"candle",1
"candles",1
"candy",1
"candy's",1
"cans",1
"cappelletti",1
"capri",1
"caprisun",1
"caps",1
"carabbas",1
"cardarellis",1
"carded",1
"career",1
"cares",1
"caring",1
"carleencassidy",1
"carnet",1
"carni",1
"carried",1
"carrot",1
"carrots",1
"carry",1
"cars",1
"cart",1
"casks",1
"catalina",1
"catawba",1
"cathy",1
"caught",1
"caution",1
"cc",1
"celebrations",1
"celebratory",1
"celery",1
"cellar",1
"cena",1
"cenosillicaphobia",1
"central",1
"century",1
"cerebral",1
"ceremony",1
"cervecera",1
"chadwick's",1
"chairs",1
"challenge",1
"challenged",1
"champ",1
"championships",1
"chantellesleez_",1
"charity",1
"charlestonwine",1
"charley",1
"charlie_mcd_",1
"charrhancock",1
"chaser",1
"chases",1
"chat",1
"chats",1
"cheap",1
"check",1
"cheeks",1
"cheeseburgers",1
"chefs",1
"chelchelrusso",1
"chew",1
"chick",1
"chicka",1
"child",1
"childhood",1
"childish",1
"chimichanga",1
"chinese",1
"chip",1
"choice",1
"choices",1
"choose",1
"choosing",1
"chophouse",1
"chose",1
"chow",1
"christmas",1
"christy",1
"chuck",1
"chucking",1
"chugged",1
"chugging",1
"cibon",1
"cig",1
"cigarette",1
"cigerettes",1
"cinnamon",1
"claim",1
"clarity",1
"classify",1
"classmates",1
"classy",1
"clayton",1
"cleaning",1
"clear",1
"clearing",1
"clearly",1
"clinton",1
"clintonpub",1
"clipped",1
"clubb",1
"cmac",1
"coal",1
"cocaine",1
"cocktia",1
"cocky",1
"coconut",1
"codeine",1
"cody",1
"cognac",1
"coke",1
"coldplay",1
"collage",1
"colleen",1
"collins's",1
"colors",1
"columbia",1
"combination",1
"comfortable",1
"comfy",1
"commenced",1
"commentators",1
"commercial",1
"commercials",1
"commons",1
"companion",1
"compartment",1
"competition",1
"compilation",1
"complete",1
"complex",1
"computer",1
"concern",1
"concerts",1
"condemns",1
"conference",1
"confessing",1
"confessions",1
"conflicting",1
"congrats",1
"connect",1
"connected",1
"connection",1
"connoisseur",1
"connor",1
"conquered",1
"consequences",1
"considering",1
"consist",1
"consisted",1
"consolee",1
"consumed",1
"contacts",1
"continueing",1
"continues",1
"continuing",1
"convention",1
"conversation",1
"cookies",1
"coolest",1
"copping",1
"cords",1
"corn",1
"cornhole",1
"corning's",1
"corporate",1
"correction",1
"correctly",1
"cortland",1
"cottage",1
"cough",1
"couldnt",1
"counted",1
"counter",1
"court",1
"courtkaiyri",1
"cover",1
"covered",1
"covering",1
"covers",1
"cowboy",1
"cowles",1
"crack",1
"cracked",1
"craft",1
"crafty",1
"cramps",1
"crap",1
"craving",1
"creamy",1
"creates",1
"creigh",1
"cried",1
"critiques",1
"crosses",1
"crossfit",1
"crossroads",1
"crow",1
"crowne",1
"crunch",1
"crushing",1
"crustacean",1
"cry",1
"csilvss",1
"ct",1
"cuauhtmoc",1
"cuddle",1
"cuddles",1
"cunningham",1
"cupcake",1
"cupcakes",1
"cups",1
"cure",1
"currant",1
"curtain",1
"curts",1
"custom",1
"cutoff",1
"cutting",1
"czuccolotto",1
"d2",1
"dã¼sseldorf",1
"daamn",1
"dad's",1
"daddy",1
"dailey's",1
"daltonworgo",1
"damiani",1
"dan",1
"danfoley9",1
"danhick",1
"danielle's",1
"darolynn",1
"das",1
"dasher's",1
"daughters",1
"david",1
"dawn",1
"dayglow",1
"dazshe",1
"dbq",1
"dds",1
"deadass",1
"deadly",1
"deal",1
"dealing",1
"dealt",1
"debate",1
"debating",1
"debt",1
"deceptive",1
"decide",1
"decision",1
"dedicated",1
"def",1
"defense",1
"deff",1
"definite",1
"deja",1
"delay",1
"deli",1
"delirium",1
"deliver",1
"delivering",1
"dels",1
"dem",1
"denaziacxo",1
"denied",1
"depending",1
"depends",1
"describes",1
"desert",1
"deserved",1
"designed",1
"despised",1
"destiny",1
"destroying",1
"details",1
"determined",1
"devins",1
"diabetes",1
"diablo",1
"dialed",1
"diamonds",1
"diego",1
"dierks",1
"difficult",1
"dig",1
"dinin",1
"directly",1
"dirt's",1
"dirtbikes",1
"dis",1
"discover",1
"discuss",1
"disgusted",1
"disgusting",1
"dish",1
"dishonor",1
"disorderly",1
"dispensing",1
"distill",1
"distillery",1
"ditch",1
"ditching",1
"dixie",1
"dizzy",1
"dizzydukez",1
"dm",1
"dn't",1
"dock",1
"dockside",1
"doctor",1
"dodgi3y",1
"doesnt",1
"dogfish",1
"doggie",1
"dogtown",1
"doin",1
"doling",1
"dolo",1
"dominos",1
"doo",1
"doogie2k",1
"doppelgã¤nger",1
"dorothy's",1
"dorth",1
"dose",1
"downhill",1
"downstairs",1
"downton",1
"downward",1
"dr",1
"dragged",1
"drankin",1
"dream",1
"dreaming",1
"dressed",1
"dresser",1
"dressing",1
"drewmcbird",1
"driver",1
"drone",1
"drool",1
"drosekrans",1
"drowns",1
"drunk_america",1
"drunkest",1
"drunko",1
"dry",1
"dryncwine",1
"dub",1
"ducidni",1
"dude's",1
"due",1
"dugout",1
"dukes",1
"dungeon",1
"dunk",1
"dunno",1
"durring",1
"dutch",1
"duty",1
"dwi",1
"dyanettec",1
"dykes",1
"eagle",1
"earth",1
"earthlodge",1
"ec",1
"ecstasy",1
"ed",1
"eduardo's",1
"educate",1
"effect",1
"effects",1
"elbow",1
"electronic",1
"elevator",1
"elisabeth",1
"elmira",1
"elysian",1
"elysianbrewing",1
"embarrass",1
"embarrassing",1
"emergency",1
"emily's",1
"emma_pautz",1
"emoji",1
"emotions",1
"emptying",1
"ends",1
"engagement",1
"english",1
"enhance",1
"entercom",1
"entertainment",1
"entirely",1
"entrance",1
"entree",1
"epitome",1
"er",1
"eric",1
"erikamahoney8",1
"errmm",1
"es",1
"escalated",1
"essay",1
"esta",1
"etc",1
"eve",1
"events",1
"everyday",1
"evil",1
"exam",1
"excellent",1
"excessive",1
"exclusive",1
"excuses",1
"exhausted",1
"exhausting",1
"exhibit",1
"exist",1
"exists",1
"exotic",1
"expect",1
"experiment",1
"explained",1
"explains",1
"exploded",1
"fabulous",1
"facts",1
"faegan's",1
"faggot",1
"fairport",1
"faithful",1
"falling",1
"fan",1
"fanny",1
"fap",1
"farewell",1
"farmhouse",1
"farts",1
"faster",1
"fave",1
"favorited",1
"favorites",1
"faze",1
"fear",1
"fears",1
"featured",1
"feeding",1
"feelings",1
"fell",1
"fellow",1
"felt",1
"fenway",1
"ferry",1
"feulin",1
"field",1
"figured",1
"filter",1
"filthy",1
"finallyy",1
"finishing",1
"fink",1
"finna",1
"fired",1
"firee",1
"fireworks",1
"fischer",1
"fistful",1
"fit",1
"five",1
"flake",1
"flakes",1
"flaming",1
"flask",1
"flasks",1
"flavor",1
"fledgling",1
"fleming",1
"fleur",1
"flicks",1
"flight",1
"flippy",1
"flipside",1
"flipz",1
"flocka",1
"floppies",1
"fluids",1
"fly",1
"flying",1
"fockers",1
"folding",1
"followers",1
"foodbeer",1
"foods",1
"fool",1
"football",1
"forcing",1
"ford",1
"forgetting",1
"formal",1
"forms",1
"fortunately",1
"forum",1
"fot",1
"fotoprayers",1
"fought",1
"fowler",1
"framinghammer",1
"franks",1
"franny",1
"frat",1
"freakin",1
"freaking",1
"fredfest",1
"freebirds",1
"freedom",1
"french",1
"freshguy_rios",1
"freshies",1
"fricken",1
"friday's",1
"fridays",1
"friendly",1
"friskkyy",1
"fritz_jamie",1
"fro",1
"frog",1
"frosting",1
"frtd",1
"ft",1
"fuc",1
"fuccilo",1
"fucker",1
"fueled",1
"function",1
"fund",1
"funk",1
"funky",1
"funnel",1
"funneled",1
"funnydamntalk",1
"fuq",1
"furniture",1
"fusion",1
"future",1
"fuxx",1
"fuzz",1
"fy",1
"fyi",1
"ga",1
"gaffer",1
"gallery",1
"gambino",1
"games",1
"ganna",1
"gardening",1
"gates",1
"gatherings",1
"gatorade",1
"gatsby",1
"gbpeaches",1
"gears",1
"geese",1
"genesse",1
"geneva",1
"genius",1
"gentlemen",1
"geoff",1
"georges",1
"gerardyamber",1
"gettingg",1
"giant",1
"gib",1
"gibberish",1
"gibson's",1
"giggling",1
"giraffefactbook",1
"giraffes",1
"glasd",1
"glassware",1
"glenn",1
"glimmered",1
"glitter",1
"glove",1
"glrlsbellke",1
"glued",1
"gluten",1
"gnocchis",1
"goddamn",1
"goddess",1
"godmother",1
"gods",1
"goin",1
"golden",1
"goldfish",1
"golfing",1
"gon",1
"gonn",1
"goodluck",1
"goose",1
"gorgeous",1
"gosh",1
"gossip",1
"gott",1
"gottaa",1
"gotten",1
"graduates",1
"graduating",1
"gram",1
"grammar",1
"grandfather's",1
"grandmother",1
"grandpa",1
"grape",1
"grapefruit",1
"grapes",1
"grays",1
"greatly",1
"greece",1
"greeted",1
"greg",1
"grew",1
"greyhound",1
"grief",1
"grilling",1
"grinding",1
"grinds",1
"groc",1
"groceries",1
"groggy",1
"groove",1
"gross",1
"ground",1
"group",1
"groups",1
"grows",1
"guardian",1
"guiness",1
"guinness",1
"guitar",1
"gull",1
"gunnin",1
"guns",1
"gurl",1
"guru",1
"gus",1
"gut",1
"guyspictures",1
"h2o",1
"h8",1
"habaha",1
"haiko",1
"hairspray",1
"hallway",1
"ham",1
"hammock",1
"hangs",1
"hannah",1
"hannahs",1
"happening",1
"harder",1
"hardest",1
"harley",1
"harrington",1
"harry's",1
"hartless1010",1
"hassle",1
"hauseyoudoin",1
"haut",1
"havana",1
"havoc",1
"hazlett",1
"hazlitt",1
"he'brew",1
"headache",1
"headed",1
"heady",1
"health",1
"hear",1
"heard",1
"heartburn",1
"hearted",1
"heather",1
"heineken_ukcorp",1
"heinekens",1
"hella",1
"hello",1
"helloo",1
"helluva",1
"helmet",1
"hemisphere",1
"hen",1
"hennessy",1
"henry",1
"heres",1
"hes",1
"hester",1
"hgtv",1
"hhiitt",1
"hiccup",1
"hiexpress",1
"higher",1
"highland",1
"hilarious",1
"hillbilly",1
"hills",1
"hillside",1
"hinilaja",1
"hint",1
"hippy",1
"hips",1
"hitter",1
"hitting",1
"hobart",1
"hofstra",1
"holes",1
"holi",1
"hollaa",1
"holland",1
"homebrew",1
"homer",1
"homework",1
"homie",1
"honker's",1
"honored",1
"honorees",1
"hoot",1
"hopes",1
"hoping",1
"hopped",1
"hopslam",1
"horn",1
"horny",1
"horrendous",1
"horrifying",1
"horror",1
"hostel",1
"hotel",1
"hotpocket",1
"hottest",1
"houblon",1
"house's",1
"houseworth",1
"hoynes",1
"http",1
"hugee",1
"hugged",1
"hummus",1
"hung",1
"hurry",1
"hurt",1
"hurts",1
"iâ€™m",1
"ianmancini",1
"ibuprofen",1
"icon",1
"id'd",1
"idc",1
"idgaf",1
"iggy",1
"ignore",1
"ignored",1
"ignoring",1
"iim",1
"ik",1
"ilysm",1
"imbiber's",1
"imfadered",1
"immediately",1
"impress",1
"impromptu",1
"inches",1
"includes",1
"including",1
"increases",1
"indescribable",1
"indians",1
"indoor",1
"influence",1
"info",1
"ingested",1
"ingredients",1
"injured",1
"injuries",1
"inquiring",1
"ins",1
"inside",1
"instagram",1
"instant",1
"insufficient",1
"intense",1
"intention",1
"interactive",1
"interested",1
"intoxicated",1
"intoxicates",1
"intravenous",1
"invasion",1
"investigation",1
"invite",1
"invited",1
"involved",1
"involving",1
"ion",1
"iphone",1
"ipl",1
"irondequoit",1
"island",1
"isthatbad",1
"it'll",1
"italy",1
"ithaca's",1
"itis",1
"itzshann0nb3tch",1
"iwnaa",1
"j",1
"jack's",1
"jackâ€™s",1
"jackets",1
"jade",1
"jaded",1
"jadiel",1
"jaeger",1
"jai",1
"jail",1
"jakeclarjake",1
"jam",1
"jameson",1
"janet",1
"japanese",1
"jaquan",1
"jaro",1
"jasmine_marie33",1
"javiee_mccoy",1
"jay",1
"jayhawks",1
"jeanie's",1
"jeffrey",1
"jell",1
"jen",1
"jenna",1
"jenner",1
"jensteverson",1
"jerkey",1
"jesselynz",1
"jessy's",1
"jester's",1
"jewbelation",1
"jewish",1
"jingle",1
"jj",1
"joelavavip",1
"john",1
"johnnys",1
"jojo",1
"jokee",1
"jon",1
"jonconklin1",1
"jones",1
"jordan_1_w",1
"jordanian",1
"jose",1
"joshua",1
"juan",1
"juices",1
"juicy",1
"juke",1
"julia",1
"julia's",1
"julie",1
"jumped",1
"junior",1
"jus",1
"justice",1
"jwleesbrewery",1
"kalliepants",1
"kan",1
"kanakadea",1
"karens",1
"karmes72091",1
"kate",1
"kath",1
"katie",1
"katie__baby_",1
"kavos's",1
"kayaking",1
"kayla",1
"kc_bella7",1
"keenan's",1
"keg",1
"kegs",1
"keith's",1
"keith_ajohnson",1
"kelsey_adler",1
"kenna",1
"kept",1
"kesha",1
"keystones",1
"khronic",1
"kickball",1
"kicking",1
"kidding",1
"kiddo",1
"killed",1
"killersmurf183",1
"killing",1
"kills",1
"kilt",1
"kindly",1
"kisser",1
"kite",1
"kitkathrynjam",1
"kmazmanian",1
"kno",1
"knocking",1
"kraftwerk",1
"krewella",1
"kris",1
"kristenhutchings",1
"kueka",1
"kush",1
"kushnhazee",1
"kyle_hairston",1
"kyletheshields",1
"l",1
"laci's",1
"lafayette",1
"lagavulin",1
"lakers",1
"lamoreaux",1
"lamps",1
"land",1
"language",1
"lansing",1
"lantern",1
"lard",1
"lasagna",1
"lasts",1
"lat",1
"laughs",1
"launch",1
"laundry",1
"laura",1
"lauren",1
"lava",1
"lawdd",1
"lawn",1
"lax",1
"lay",1
"leaf",1
"leah",1
"learns",1
"led",1
"lee's",1
"legion",1
"legit",1
"legitimate",1
"legs",1
"lei",1
"leisure",1
"lena",1
"liam",1
"libe",1
"lick",1
"lifesaver",1
"lift",1
"lightening",1
"lightest",1
"lightweight",1
"liked",1
"likely",1
"likes",1
"lines",1
"lineup",1
"lingerie",1
"link",1
"lips",1
"lisa",1
"listens",1
"listing",1
"lites",1
"liv",1
"liver",1
"lives",1
"livs",1
"lj's",1
"llbetheresoon",1
"llmmaaoo",1
"ln",1
"load",1
"lobster",1
"local",1
"locked",1
"loco",1
"lodge",1
"lodi",1
"loko",1
"lokos",1
"loner",1
"longest",1
"looked",1
"lookin",1
"lord",1
"lose",1
"loss",1
"lotto",1
"loud",1
"lovee_chinadoll",1
"lovers",1
"lovin",1
"loving",1
"low",1
"lowered",1
"lube",1
"lucifer's",1
"lugias",1
"luke",1
"lyk",1
"lymadonna",1
"m",1
"maan",1
"mac",1
"macaroons",1
"macgregor's",1
"machines",1
"maggie's",1
"magic",1
"maidana",1
"mail",1
"main",1
"major",1
"majority",1
"makers",1
"makin",1
"malaysia",1
"male",1
"malibu",1
"malt",1
"malty",1
"mamadamico",1
"manage",1
"manager",1
"mancave",1
"manchester",1
"mango",1
"map",1
"maragtita",1
"marches",1
"maricels",1
"marijuana",1
"marion",1
"maritzaari_7",1
"market",1
"marketplace",1
"markets",1
"marron",1
"marshall",1
"martha's",1
"martin",1
"mass",1
"master",1
"matty",1
"mattyb195",1
"mattymiller420",1
"mayday",1
"mayor's",1
"mayweather",1
"mcbane",1
"mccdrake",1
"meagan",1
"meal",1
"meaning",1
"meday",1
"medieval",1
"medium",1
"medoc",1
"meds",1
"meem",1
"megan",1
"melissa's",1
"melvin's",1
"meow",1
"merica",1
"meteor",1
"mexican",1
"mf",1
"mic",1
"micro",1
"mid",1
"might've",1
"mike's",1
"miles",1
"miley",1
"milky",1
"millar",1
"million",1
"minds",1
"minibarr",1
"minus",1
"minx",1
"mio",1
"miraculous",1
"miserable",1
"misery",1
"mixer",1
"mixing",1
"mixture",1
"mm",1
"mma",1
"mmm",1
"mob",1
"mock",1
"moctezuma",1
"mode",1
"moderate",1
"modern",1
"mofos",1
"molly",1
"momma",1
"monkey",1
"monroe",1
"monroe's",1
"monthly",1
"mooniesithaca",1
"moonshine",1
"mope",1
"mores",1
"mornin",1
"mornting",1
"morris",1
"moss",1
"mother's",1
"mothers",1
"mount",1
"moved",1
"moves",1
"mowed",1
"mschiferle",1
"muh",1
"murph's",1
"muscadine",1
"mvp",1
"mynameisraph",1
"mynigga",1
"na",1
"naa",1
"nagging",1
"nahh",1
"napier",1
"naples",1
"narragansett",1
"nat",1
"natty",1
"naturally",1
"nbt",1
"near",1
"neck",1
"necrophiliac",1
"nectar",1
"needa",1
"needing",1
"needless",1
"neisha_neii3",1
"neon",1
"nephews",1
"nervous",1
"nest",1
"netflix",1
"newcastle",1
"news",1
"newsfeed",1
"newspaper",1
"newtown",1
"nextdoorwegmans",1
"nibsy's",1
"nicholascolilli",1
"nick",1
"nickraesky",1
"nickypapas",1
"nigha",1
"nite",1
"nitro",1
"non",1
"noob",1
"northern",1
"nose",1
"nostrils",1
"notes",1
"nothin",1
"nursing",1
"nut",1
"nutella",1
"nvr",1
"o'briens",1
"oakland",1
"oatmeal",1
"obliterated",1
"obsession",1
"obv",1
"obviously",1
"obvs",1
"occ",1
"occupy",1
"oddest",1
"odyssey",1
"offensive",1
"offering",1
"okayy",1
"oleans",1
"oliver",1
"omw",1
"ongoing",1
"onliicarol",1
"online",1
"ontario",1
"ooo",1
"oops",1
"ope",1
"operation",1
"option",1
"ordered",1
"orr",1
"osu",1
"oswego",1
"otherwise",1
"ots",1
"outdoor",1
"outrageous",1
"outwardly",1
"overdue",1
"overlooking",1
"owned",1
"owner",1
"p1",1
"pace",1
"package",1
"packing",1
"packingg",1
"page",1
"pain",1
"paired",1
"pairing",1
"palet",1
"palmer",1
"palo",1
"palsy",1
"pancakes",1
"paper",1
"parade",1
"paradigm",1
"parking",1
"part",1
"particular",1
"party's",1
"parv",1
"pascals",1
"passes",1
"passion",1
"pasta",1
"patrick's",1
"patron",1
"pattys",1
"pause",1
"peanuts",1
"pedal",1
"pedestrians",1
"pedey",1
"peed",1
"pelican's",1
"penny",1
"penquins",1
"people's",1
"pepper",1
"peppercorn",1
"per",1
"perfected",1
"perfection",1
"period",1
"perks",1
"personal",1
"personality",1
"pet",1
"pete's",1
"peter",1
"phenomenal",1
"phil's",1
"phila",1
"philippino",1
"photography",1
"physically",1
"physics",1
"piã±ata",1
"piano",1
"pickinupgirls",1
"picks",1
"pickup",1
"picky",1
"picnic",1
"pie",1
"pies",1
"pig",1
"pigg",1
"pile",1
"pillow",1
"pin",1
"pineapple",1
"pinnacle",1
"pints",1
"pissing",1
"pitches",1
"pits",1
"pity",1
"pixx",1
"pizzeria",1
"pj's",1
"pjcarroll8",1
"places",1
"plain",1
"planet",1
"plastic",1
"plates",1
"playoff",1
"plaza",1
"pleasurable",1
"plenty",1
"pls",1
"plus",1
"poker",1
"polishes",1
"pom",1
"poof",1
"pools",1
"poolside",1
"poopdecksally",1
"poopy",1
"popcorn",1
"popsicles",1
"population",1
"poses",1
"posse",1
"possible",1
"pot",1
"potatoes",1
"potluck",1
"pound",1
"pounders",1
"practishh",1
"prancing",1
"pray",1
"pre",1
"predicting",1
"prego",1
"prep",1
"preparation",1
"present",1
"presentation",1
"prettie",1
"prettiest",1
"previous",1
"prey",1
"price",1
"prince",1
"princess",1
"principle",1
"pringle",1
"priorities",1
"priority",1
"prism",1
"pro",1
"probs",1
"procedes",1
"proceeds",1
"productivity",1
"prof",1
"prolly",1
"promise",1
"promises",1
"promising",1
"promoted",1
"proms",1
"properly",1
"property",1
"proportional",1
"propose",1
"prost",1
"proud",1
"psa",1
"psych",1
"psyched",1
"puke",1
"pull",1
"pulled",1
"pulls",1
"punch",1
"punched",1
"purchase",1
"purchased",1
"purchases",1
"pure",1
"purse",1
"push",1
"puts",1
"pyramidbrew",1
"quad",1
"quaker",1
"quality",1
"quarter",1
"queen_carter_22",1
"queens",1
"queer",1
"quincy",1
"quit",1
"quitting",1
"quote",1
"r.i.p",1
"r2",1
"ra",1
"raeannmariella",1
"rager",1
"raging",1
"raided",1
"rain",1
"rainzilla",1
"raise",1
"rallying",1
"ran",1
"rancher",1
"randomly",1
"rapping",1
"raspberry",1
"rated",1
"rats",1
"raw",1
"rbi",1
"reach",1
"reached",1
"read",1
"reading",1
"realistic",1
"receiving",1
"recipe",1
"reckless",1
"recliner",1
"recommended",1
"recon",1
"recover",1
"redbull",1
"reddit",1
"redeeming",1
"reds",1
"reduce",1
"reek",1
"reference",1
"refreshing",1
"refrigerator",1
"regular",1
"reisling",1
"related",1
"relationships",1
"released",1
"relief",1
"remedy",1
"remembering",1
"remy",1
"rendition",1
"reneau",1
"repeat",1
"repeats",1
"replacement",1
"replies",1
"reporter",1
"reports",1
"representing",1
"require",1
"requires",1
"resa",1
"rescue",1
"residential",1
"resigned",1
"respond",1
"responders",1
"retard",1
"retards",1
"return",1
"returning",1
"retweet",1
"reuben's",1
"rhubarb",1
"ribs.and",1
"richies",1
"rid",1
"right.hop",1
"ring",1
"rink",1
"rising",1
"rit",1
"rita's",1
"rite",1
"riverside",1
"rly",1
"rnn",1
"rob",1
"robin's",1
"rocker",1
"rocking",1
"rode",1
"rodmans",1
"rohrbachs",1
"rollin",1
"rome",1
"ron",1
"rooftop",1
"roommate",1
"rooney's",1
"root",1
"roses",1
"rotation",1
"roughly",1
"rounds",1
"row",1
"royal",1
"rte",1
"rug",1
"runnin",1
"runs",1
"russia",1
"russians",1
"russy",1
"ry",1
"ryandooling",1
"rye",1
"rynkiewicza",1
"sad",1
"sadness",1
"safer",1
"sage",1
"sailors",1
"sak",1
"sakura",1
"salad",1
"sam's",1
"sammiches",1
"sammy",1
"sand",1
"sanding",1
"sandwich",1
"santa",1
"santo",1
"saranac",1
"saranacbrewery",1
"sassy_rozay",1
"sat",1
"satan",1
"satellite",1
"satur",1
"sausage",1
"savage",1
"sayin",1
"scale",1
"scandal",1
"scared",1
"scary",1
"scent",1
"schoolboyq",1
"schooner's",1
"scoopin",1
"scoot",1
"scores",1
"scrappy",1
"scratch",1
"scream",1
"screaming",1
"screen",1
"scum",1
"scumbag",1
"sea",1
"seasonal",1
"sec",1
"section",1
"seem",1
"seems",1
"segment",1
"selling",1
"sells",1
"semi",1
"sept",1
"series",1
"serious",1
"serous",1
"serve",1
"served",1
"serving",1
"sesh",1
"settlin",1
"seven",1
"severance",1
"shady",1
"shake",1
"shall",1
"shane",1
"sharing",1
"sharknado",1
"sharp",1
"shaved",1
"shea",1
"sheesh",1
"sheldon10_",1
"sheldrake",1
"shelf",1
"shelves",1
"sherry",1
"sheryl",1
"shine",1
"shitt",1
"shock",1
"shockwave",1
"shoot",1
"shootings",1
"short",1
"shortly",1
"shorts",1
"shorty",1
"shotgun",1
"shotguns",1
"should've",1
"shoulda",1
"shovel",1
"showed",1
"showing",1
"shrimp",1
"shud",1
"shun",1
"sighting",1
"signature",1
"siick",1
"sikes",1
"silence",1
"silver",1
"sin",1
"sincerely",1
"sing",1
"singers",1
"sippin",1
"sippin's",1
"sips",1
"sirens",1
"siriusxm",1
"sis",1
"sistahs",1
"sisterinlaw",1
"sisters",1
"sixty",1
"sized",1
"ski",1
"skiff",1
"skinner",1
"sky",1
"skylark",1
"sleeping",1
"slice",1
"slingin",1
"slow",1
"slower",1
"slurred",1
"slushy",1
"slut",1
"slutty",1
"smaller",1
"smd",1
"smelled",1
"smokey",1
"smoking",1
"snag",1
"snapbacks",1
"snapchats",1
"snapchatting",1
"snatch",1
"snazzy",1
"sneak",1
"sneaking",1
"snickering",1
"snickers",1
"snow",1
"snug",1
"snuggled",1
"snuggy",1
"so.so",1
"soak",1
"sobriety",1
"sodus",1
"softly",1
"sold",1
"sombrero",1
"some1",1
"somethin",1
"sometimes",1
"son's",1
"songs",1
"sonics",1
"sophie's",1
"sophomore",1
"sore",1
"sorelle",1
"sorrows",1
"soulful",1
"sour",1
"sousa",1
"southern",1
"space",1
"spark",1
"sparkling",1
"specials",1
"speech",1
"spell",1
"spencer's",1
"spewed",1
"spiddackedd",1
"spider",1
"spillin",1
"spills",1
"spilt",1
"spinach",1
"spirit",1
"spit",1
"splendid",1
"spokesmen",1
"sportsmen",1
"spots",1
"sprã¶cketbier",1
"springtime",1
"spritzers",1
"spur",1
"square",1
"squeeze",1
"sriracha",1
"ssirenprincess",1
"st",1
"staawwpp",1
"stab",1
"stack",1
"stacks",1
"stage",1
"stalking",1
"stamps",1
"stand",1
"standing",1
"stare",1
"starkeys",1
"starving",1
"state",1
"staying",1
"steak",1
"steak.and",1
"steakhouse",1
"steevie",1
"stein",1
"step",1
"stephen_loce",1
"stephenfierce",1
"stephhouse928",1
"stfu",1
"stick",1
"sticking",1
"sticky",1
"stinks",1
"stone",1
"stoned",1
"stoneyard",1
"stops",1
"strangers",1
"straps",1
"straw",1
"stressin",1
"strictly",1
"string",1
"strings",1
"stripped",1
"stronger",1
"stud",1
"student",1
"study",1
"stuffed",1
"stuffy",1
"successful",1
"successfully",1
"sucked",1
"sudafed",1
"sufficiently",1
"sull1o1",1
"sullyy",1
"sultan",1
"summaatimee",1
"summer's",1
"summerfest",1
"summers",1
"sunblock",1
"sundae",1
"sundays",1
"sunlight",1
"sunny",1
"sunrise",1
"sunrises",1
"suns",1
"sunscreen",1
"sup",1
"supernatural",1
"supply",1
"suppose",1
"supreme",1
"surprisingly",1
"suspect",1
"suthodyoung",1
"suxx",1
"svedka",1
"swallow",1
"swallowed",1
"sweats",1
"swim",1
"syracuseu",1
"system",1
"t.co",1
"tabacco",1
"table",1
"tackled",1
"tacos",1
"takin",1
"talkative",1
"tambiã©n",1
"tank",1
"tannin",1
"tanning",1
"tanqueray",1
"tapas",1
"taqueria",1
"tas",1
"tassone's",1
"tastings",1
"tat",1
"tattoo",1
"taught",1
"tay_bay10",1
"tay_mcelwain",1
"taylorrgang",1
"taylorvermilyea",1
"tayon",1
"tayxsue",1
"tba",1
"tbh",1
"td",1
"teach",1
"teacher",1
"tearing",1
"technical",1
"technically",1
"tedofficialpage",1
"temple",1
"tennessee",1
"tensie",1
"terrible",1
"testicles",1
"testing",1
"tests",1
"tf",1
"tfuckwithslovaks",1
"tgi",1
"tgis",1
"thaa",1
"thaat",1
"thanked",1
"that'll",1
"thebestestx0_",1
"themed",1
"themm",1
"theoldtoad",1
"thereal_trizzy",1
"theres",1
"theresa",1
"thirst",1
"thomas",1
"thomas_jalen93",1
"thousand",1
"threaten",1
"threw",1
"throughout",1
"throwback",1
"tht",1
"thumbs",1
"thunder",1
"thunderstorm",1
"thunderstorms",1
"thx",1
"ti_nubzz",1
"ticket",1
"tie",1
"tier",1
"tiffany",1
"tiger",1
"tigers",1
"tight",1
"tightt",1
"timeline",1
"timjurks",1
"tiny",1
"tipp",1
"tippin",1
"tips",1
"tiramisu",1
"tired",1
"tis",1
"tissues",1
"titus",1
"tmw",1
"tnn",1
"toad",1
"toasty",1
"toby",1
"todayy",1
"toes",1
"toilet",1
"tolerance",1
"tommy",1
"ton",1
"tongue",1
"tonic",1
"toomanykuntz",1
"toothless",1
"top",1
"topper",1
"tori",1
"touches",1
"tourin",1
"tourney",1
"tracy",1
"trade",1
"trailer",1
"trails",1
"trained",1
"training",1
"transport",1
"trash",1
"trashy",1
"traveling",1
"treated",1
"treleaven",1
"tremens",1
"trending",1
"trev",1
"trevor",1
"triage",1
"trick",1
"trivia",1
"trophy",1
"trouble",1
"troubles",1
"truck",1
"truer",1
"trunks",1
"trustworthy",1
"truth",1
"tryin",1
"trynna",1
"tullamore",1
"tummy",1
"tuna",1
"turning",1
"turtle",1
"tuscan",1
"tushay",1
"tvcnq1",1
"twas",1
"tweeps",1
"tweeter",1
"tweets",1
"twenty",1
"twerkaminati",1
"twerking",1
"twisted",1
"twittering",1
"typing",1
"tyrese",1
"ufc",1
"ufo",1
"uh",1
"uhh",1
"uinta",1
"ultralounge",1
"um",1
"umma",1
"un",1
"uncledreww_",1
"uncles",1
"undefeated",1
"undercover",1
"ungraded",1
"university",1
"unofficial",1
"update",1
"upgrade",1
"upon",1
"upperclassmen",1
"ups",1
"upstate",1
"upton",1
"urbffgill54",1
"urinal",1
"v",1
"v_m00n",1
"v8",1
"vancedeatherage",1
"vanessaterrigno",1
"vanilla",1
"vanillins",1
"vaping",1
"varieties",1
"vehicles",1
"vending",1
"vent",1
"venues",1
"version",1
"veteran",1
"via",1
"vibes",1
"victor",1
"victory",1
"video",1
"view",1
"villa",1
"villabellangelo",1
"vines",1
"vineyard",1
"violets",1
"vip",1
"virginia",1
"visited",1
"vitamins",1
"viva",1
"voice",1
"volcano",1
"vomit",1
"voters",1
"vs",1
"vu",1
"wade's",1
"wadsworth",1
"wag",1
"wagner",1
"waisting",1
"waits",1
"wakes",1
"waldo's",1
"waldos",1
"walked",1
"walkin",1
"wallst585",1
"wanting",1
"wapatula",1
"warm",1
"wasabi",1
"washed",1
"waste",1
"wastey",1
"wat",1
"watched",1
"waters",1
"wave",1
"wayfarers",1
"wbe",1
"wby",1
"weapon",1
"websites",1
"wed",1
"weeknd",1
"weirder",1
"weirdly",1
"weisse",1
"welcoming",1
"wellimm",1
"wells",1
"west",1
"westbrook",1
"wet",1
"whaddup_breezy",1
"whale",1
"wham",1
"what're",1
"whats",1
"whelp",1
"whether",1
"whichever",1
"whisk",1
"whitehouse",1
"whites",1
"whitney",1
"whoaa",1
"whoops",1
"whopper",1
"why'd",1
"whyy",1
"wided",1
"wife",1
"wifey",1
"wilson",1
"winner",1
"winnie",1
"winning",1
"winton",1
"wiping",1
"wisdom",1
"wise",1
"within",1
"wittekerke",1
"wjere",1
"wks",1
"woken",1
"wolf's",1
"wolfs",1
"wonâ€™t",1
"wondered",1
"wonderin",1
"wondering",1
"woo",1
"woodchucks",1
"woods",1
"woohoo",1
"worker",1
"workin",1
"workout",1
"worlds",1
"worrier",1
"wreak",1
"written",1
"wuddup",1
"wut",1
"wutt",1
"x3",1
"xander",1
"xbox",1
"xmen",1
"xx",1
"yachetta_232",1
"yah",1
"yahh",1
"yankee",1
"yankees",1
"yay",1
"yeet",1
"yep",1
"yess",1
"yessir",1
"yoga",1
"yolo",1
"yonce",1
"younger",1
"youu",1
"yr",1
"yuengling",1
"yumm",1
"yummylaflare",1
"yur",1
"zak_lawlor",1
"zeppelin",1
"zero",1
"ziplock",1
"zugibe",1
